id,srs
1,"Feature: Search Functionality
Description: The system should support search functionality functionality.
Requirements:
- Core functionality for search functionality
- Basic validation and error handling
- User interaction support
- Performance considerations"
2,"Feature: Analytics Module
Description: The system should support analytics module functionality.
Requirements:
- Core functionality for analytics module
- Basic validation and error handling
- User interaction support
- Performance considerations"
3,"Feature: Reporting Dashboard
Description: The system should support reporting dashboard functionality.
Requirements:
- Core functionality for reporting dashboard
- Basic validation and error handling
- User interaction support
- Performance considerations"
4,"Feature: Notification System
Description: The system should support notification system functionality.
Requirements:
- Core functionality for notification system
- Basic validation and error handling
- User interaction support
- Performance considerations"
5,"Feature: Analytics Module
Description: The system should support analytics module functionality.
Requirements:
- Core functionality for analytics module
- Basic validation and error handling
- User interaction support
- Performance considerations"
6,"Feature: User Authentication
Description: The system should support user authentication functionality.
Requirements:
- Core functionality for user authentication
- Basic validation and error handling
- User interaction support
- Performance considerations"
7,"Feature: User Authentication
Description: The system should support user authentication functionality.
Requirements:
- Core functionality for user authentication
- Basic validation and error handling
- User interaction support
- Performance considerations"
8,"Feature: User Profile
Description: The system should support user profile functionality.
Requirements:
- Core functionality for user profile
- Basic validation and error handling
- User interaction support
- Performance considerations"
9,"Feature: Search Functionality
Description: The system should support search functionality functionality.
Requirements:
- Core functionality for search functionality
- Basic validation and error handling
- User interaction support
- Performance considerations"
10,"Feature: File Upload
Description: The system should support file upload functionality.
Requirements:
- Core functionality for file upload
- Basic validation and error handling
- User interaction support
- Performance considerations"
11,"Feature: Notification System
Description: The system should support notification system functionality.
Requirements:
- Core functionality for notification system
- Basic validation and error handling
- User interaction support
- Performance considerations"
12,"Feature: Search Functionality
Description: The system should support search functionality functionality.
Requirements:
- Core functionality for search functionality
- Basic validation and error handling
- User interaction support
- Performance considerations"
13,"Feature: File Upload
Description: The system should support file upload functionality.
Requirements:
- Core functionality for file upload
- Basic validation and error handling
- User interaction support
- Performance considerations"
14,"Feature: Settings Configuration
Description: The system should support settings configuration functionality.
Requirements:
- Core functionality for settings configuration
- Basic validation and error handling
- User interaction support
- Performance considerations"
15,"Feature: Search Functionality
Description: The system should support search functionality functionality.
Requirements:
- Core functionality for search functionality
- Basic validation and error handling
- User interaction support
- Performance considerations"
16,"Feature: Reporting Dashboard
Description: The system should support reporting dashboard functionality.
Requirements:
- Core functionality for reporting dashboard
- Basic validation and error handling
- User interaction support
- Performance considerations"
17,"Feature: User Authentication
Description: The system should support user authentication functionality.
Requirements:
- Core functionality for user authentication
- Basic validation and error handling
- User interaction support
- Performance considerations"
18,"Feature: Messaging System
Description: The system should support messaging system functionality.
Requirements:
- Core functionality for messaging system
- Basic validation and error handling
- User interaction support
- Performance considerations"
19,"Feature: Reporting Dashboard
Description: The system should support reporting dashboard functionality.
Requirements:
- Core functionality for reporting dashboard
- Basic validation and error handling
- User interaction support
- Performance considerations"
20,"Feature: Task Management
Description: The system should support task management functionality.
Requirements:
- Core functionality for task management
- Basic validation and error handling
- User interaction support
- Performance considerations"
21,"Feature: Search Functionality
Description: The system should support search functionality functionality.
Requirements:
- Core functionality for search functionality
- Basic validation and error handling
- User interaction support
- Performance considerations"
22,"Feature: Task Management
Description: The system should support task management functionality.
Requirements:
- Core functionality for task management
- Basic validation and error handling
- User interaction support
- Performance considerations"
23,"Feature: Task Management
Description: The system should support task management functionality.
Requirements:
- Core functionality for task management
- Basic validation and error handling
- User interaction support
- Performance considerations"
24,"Feature: File Upload
Description: The system should support file upload functionality.
Requirements:
- Core functionality for file upload
- Basic validation and error handling
- User interaction support
- Performance considerations"
25,"Feature: User Profile
Description: The system should support user profile functionality.
Requirements:
- Core functionality for user profile
- Basic validation and error handling
- User interaction support
- Performance considerations"
26,"Feature: File Upload
Description: The system should support file upload functionality.
Requirements:
- Core functionality for file upload
- Basic validation and error handling
- User interaction support
- Performance considerations"
27,"Feature: Task Management
Description: The system should support task management functionality.
Requirements:
- Core functionality for task management
- Basic validation and error handling
- User interaction support
- Performance considerations"
28,"Feature: Analytics Module
Description: The system should support analytics module functionality.
Requirements:
- Core functionality for analytics module
- Basic validation and error handling
- User interaction support
- Performance considerations"
29,"Feature: User Profile
Description: The system should support user profile functionality.
Requirements:
- Core functionality for user profile
- Basic validation and error handling
- User interaction support
- Performance considerations"
30,"Feature: Search Functionality
Description: The system should support search functionality functionality.
Requirements:
- Core functionality for search functionality
- Basic validation and error handling
- User interaction support
- Performance considerations"
31,"Feature: Analytics Module
Description: The system should support analytics module functionality.
Requirements:
- Core functionality for analytics module
- Basic validation and error handling
- User interaction support
- Performance considerations"
32,"Feature: File Upload
Description: The system should support file upload functionality.
Requirements:
- Core functionality for file upload
- Basic validation and error handling
- User interaction support
- Performance considerations"
33,"Feature: Notification System
Description: The system should support notification system functionality.
Requirements:
- Core functionality for notification system
- Basic validation and error handling
- User interaction support
- Performance considerations"
34,"Feature: Settings Configuration
Description: The system should support settings configuration functionality.
Requirements:
- Core functionality for settings configuration
- Basic validation and error handling
- User interaction support
- Performance considerations"
35,"Feature: User Authentication
Description: The system should support user authentication functionality.
Requirements:
- Core functionality for user authentication
- Basic validation and error handling
- User interaction support
- Performance considerations"
36,"Feature: User Authentication
Description: The system should support user authentication functionality.
Requirements:
- Core functionality for user authentication
- Basic validation and error handling
- User interaction support
- Performance considerations"
37,"Feature: Notification System
Description: The system should support notification system functionality.
Requirements:
- Core functionality for notification system
- Basic validation and error handling
- User interaction support
- Performance considerations"
38,"Feature: Notification System
Description: The system should support notification system functionality.
Requirements:
- Core functionality for notification system
- Basic validation and error handling
- User interaction support
- Performance considerations"
39,"Feature: Notification System
Description: The system should support notification system functionality.
Requirements:
- Core functionality for notification system
- Basic validation and error handling
- User interaction support
- Performance considerations"
40,"Feature: Messaging System
Description: The system should support messaging system functionality.
Requirements:
- Core functionality for messaging system
- Basic validation and error handling
- User interaction support
- Performance considerations"
41,"Feature: Analytics Module
Description: The system should support analytics module functionality.
Requirements:
- Core functionality for analytics module
- Basic validation and error handling
- User interaction support
- Performance considerations"
42,"Feature: Reporting Dashboard
Description: The system should support reporting dashboard functionality.
Requirements:
- Core functionality for reporting dashboard
- Basic validation and error handling
- User interaction support
- Performance considerations"
43,"Feature: Messaging System
Description: The system should support messaging system functionality.
Requirements:
- Core functionality for messaging system
- Basic validation and error handling
- User interaction support
- Performance considerations"
44,"Feature: User Authentication
Description: The system should support user authentication functionality.
Requirements:
- Core functionality for user authentication
- Basic validation and error handling
- User interaction support
- Performance considerations"
45,"Feature: Settings Configuration
Description: The system should support settings configuration functionality.
Requirements:
- Core functionality for settings configuration
- Basic validation and error handling
- User interaction support
- Performance considerations"
46,"Feature: Notification System
Description: The system should support notification system functionality.
Requirements:
- Core functionality for notification system
- Basic validation and error handling
- User interaction support
- Performance considerations"
47,"Feature: Messaging System
Description: The system should support messaging system functionality.
Requirements:
- Core functionality for messaging system
- Basic validation and error handling
- User interaction support
- Performance considerations"
48,"Feature: File Upload
Description: The system should support file upload functionality.
Requirements:
- Core functionality for file upload
- Basic validation and error handling
- User interaction support
- Performance considerations"
49,"Feature: Search Functionality
Description: The system should support search functionality functionality.
Requirements:
- Core functionality for search functionality
- Basic validation and error handling
- User interaction support
- Performance considerations"
50,"Feature: User Authentication
Description: The system should support user authentication functionality.
Requirements:
- Core functionality for user authentication
- Basic validation and error handling
- User interaction support
- Performance considerations"
51,"Feature: Reporting Dashboard
Description: The system should support reporting dashboard functionality.
Requirements:
- Core functionality for reporting dashboard
- Basic validation and error handling
- User interaction support
- Performance considerations"
52,"Feature: Search Functionality
Description: The system should support search functionality functionality.
Requirements:
- Core functionality for search functionality
- Basic validation and error handling
- User interaction support
- Performance considerations"
53,"Feature: Notification System
Description: The system should support notification system functionality.
Requirements:
- Core functionality for notification system
- Basic validation and error handling
- User interaction support
- Performance considerations"
54,"Feature: User Profile
Description: The system should support user profile functionality.
Requirements:
- Core functionality for user profile
- Basic validation and error handling
- User interaction support
- Performance considerations"
55,"Feature: File Upload
Description: The system should support file upload functionality.
Requirements:
- Core functionality for file upload
- Basic validation and error handling
- User interaction support
- Performance considerations"
56,"Feature: Search Functionality
Description: The system should support search functionality functionality.
Requirements:
- Core functionality for search functionality
- Basic validation and error handling
- User interaction support
- Performance considerations"
57,"Feature: Task Management
Description: The system should support task management functionality.
Requirements:
- Core functionality for task management
- Basic validation and error handling
- User interaction support
- Performance considerations"
58,"Feature: User Authentication
Description: The system should support user authentication functionality.
Requirements:
- Core functionality for user authentication
- Basic validation and error handling
- User interaction support
- Performance considerations"
59,"Feature: User Profile
Description: The system should support user profile functionality.
Requirements:
- Core functionality for user profile
- Basic validation and error handling
- User interaction support
- Performance considerations"
60,"Feature: User Authentication
Description: The system should support user authentication functionality.
Requirements:
- Core functionality for user authentication
- Basic validation and error handling
- User interaction support
- Performance considerations"
61,"Feature: Messaging System
Description: The system should support messaging system functionality.
Requirements:
- Core functionality for messaging system
- Basic validation and error handling
- User interaction support
- Performance considerations"
62,"Feature: Settings Configuration
Description: The system should support settings configuration functionality.
Requirements:
- Core functionality for settings configuration
- Basic validation and error handling
- User interaction support
- Performance considerations"
63,"Feature: File Upload
Description: The system should support file upload functionality.
Requirements:
- Core functionality for file upload
- Basic validation and error handling
- User interaction support
- Performance considerations"
64,"Feature: Reporting Dashboard
Description: The system should support reporting dashboard functionality.
Requirements:
- Core functionality for reporting dashboard
- Basic validation and error handling
- User interaction support
- Performance considerations"
65,"Feature: Notification System
Description: The system should support notification system functionality.
Requirements:
- Core functionality for notification system
- Basic validation and error handling
- User interaction support
- Performance considerations"
66,"Feature: Search Functionality
Description: The system should support search functionality functionality.
Requirements:
- Core functionality for search functionality
- Basic validation and error handling
- User interaction support
- Performance considerations"
67,"Feature: User Authentication
Description: The system should support user authentication functionality.
Requirements:
- Core functionality for user authentication
- Basic validation and error handling
- User interaction support
- Performance considerations"
68,"Feature: File Upload
Description: The system should support file upload functionality.
Requirements:
- Core functionality for file upload
- Basic validation and error handling
- User interaction support
- Performance considerations"
69,"Feature: Task Management
Description: The system should support task management functionality.
Requirements:
- Core functionality for task management
- Basic validation and error handling
- User interaction support
- Performance considerations"
70,"Feature: Reporting Dashboard
Description: The system should support reporting dashboard functionality.
Requirements:
- Core functionality for reporting dashboard
- Basic validation and error handling
- User interaction support
- Performance considerations"
71,"Feature: Task Management
Description: The system should support task management functionality.
Requirements:
- Core functionality for task management
- Basic validation and error handling
- User interaction support
- Performance considerations"
72,"Feature: Settings Configuration
Description: The system should support settings configuration functionality.
Requirements:
- Core functionality for settings configuration
- Basic validation and error handling
- User interaction support
- Performance considerations"
73,"Feature: User Authentication
Description: The system should support user authentication functionality.
Requirements:
- Core functionality for user authentication
- Basic validation and error handling
- User interaction support
- Performance considerations"
74,"Feature: Notification System
Description: The system should support notification system functionality.
Requirements:
- Core functionality for notification system
- Basic validation and error handling
- User interaction support
- Performance considerations"
75,"Feature: Search Functionality
Description: The system should support search functionality functionality.
Requirements:
- Core functionality for search functionality
- Basic validation and error handling
- User interaction support
- Performance considerations"
76,"Feature: Reporting Dashboard
Description: The system should support reporting dashboard functionality.
Requirements:
- Core functionality for reporting dashboard
- Basic validation and error handling
- User interaction support
- Performance considerations"
77,"Feature: Task Management
Description: The system should support task management functionality.
Requirements:
- Core functionality for task management
- Basic validation and error handling
- User interaction support
- Performance considerations"
78,"Feature: Task Management
Description: The system should support task management functionality.
Requirements:
- Core functionality for task management
- Basic validation and error handling
- User interaction support
- Performance considerations"
79,"Feature: Search Functionality
Description: The system should support search functionality functionality.
Requirements:
- Core functionality for search functionality
- Basic validation and error handling
- User interaction support
- Performance considerations"
80,"Feature: File Upload
Description: The system should support file upload functionality.
Requirements:
- Core functionality for file upload
- Basic validation and error handling
- User interaction support
- Performance considerations"
81,"Feature: Messaging System
Description: The system should support messaging system functionality.
Requirements:
- Core functionality for messaging system
- Basic validation and error handling
- User interaction support
- Performance considerations"
82,"Feature: Analytics Module
Description: The system should support analytics module functionality.
Requirements:
- Core functionality for analytics module
- Basic validation and error handling
- User interaction support
- Performance considerations"
83,"Feature: Messaging System
Description: The system should support messaging system functionality.
Requirements:
- Core functionality for messaging system
- Basic validation and error handling
- User interaction support
- Performance considerations"
84,"Feature: Search Functionality
Description: The system should support search functionality functionality.
Requirements:
- Core functionality for search functionality
- Basic validation and error handling
- User interaction support
- Performance considerations"
85,"Feature: User Profile
Description: The system should support user profile functionality.
Requirements:
- Core functionality for user profile
- Basic validation and error handling
- User interaction support
- Performance considerations"
86,"Feature: Messaging System
Description: The system should support messaging system functionality.
Requirements:
- Core functionality for messaging system
- Basic validation and error handling
- User interaction support
- Performance considerations"
87,"Feature: Notification System
Description: The system should support notification system functionality.
Requirements:
- Core functionality for notification system
- Basic validation and error handling
- User interaction support
- Performance considerations"
88,"Feature: User Profile
Description: The system should support user profile functionality.
Requirements:
- Core functionality for user profile
- Basic validation and error handling
- User interaction support
- Performance considerations"
89,"Feature: User Authentication
Description: The system should support user authentication functionality.
Requirements:
- Core functionality for user authentication
- Basic validation and error handling
- User interaction support
- Performance considerations"
90,"Feature: User Authentication
Description: The system should support user authentication functionality.
Requirements:
- Core functionality for user authentication
- Basic validation and error handling
- User interaction support
- Performance considerations"
91,"Feature: Task Management
Description: The system should support task management functionality.
Requirements:
- Core functionality for task management
- Basic validation and error handling
- User interaction support
- Performance considerations"
92,"Feature: Search Functionality
Description: The system should support search functionality functionality.
Requirements:
- Core functionality for search functionality
- Basic validation and error handling
- User interaction support
- Performance considerations"
93,"Feature: Notification System
Description: The system should support notification system functionality.
Requirements:
- Core functionality for notification system
- Basic validation and error handling
- User interaction support
- Performance considerations"
94,"Feature: Task Management
Description: The system should support task management functionality.
Requirements:
- Core functionality for task management
- Basic validation and error handling
- User interaction support
- Performance considerations"
95,"Feature: Reporting Dashboard
Description: The system should support reporting dashboard functionality.
Requirements:
- Core functionality for reporting dashboard
- Basic validation and error handling
- User interaction support
- Performance considerations"
96,"Feature: User Profile
Description: The system should support user profile functionality.
Requirements:
- Core functionality for user profile
- Basic validation and error handling
- User interaction support
- Performance considerations"
97,"Feature: Settings Configuration
Description: The system should support settings configuration functionality.
Requirements:
- Core functionality for settings configuration
- Basic validation and error handling
- User interaction support
- Performance considerations"
98,"Feature: Task Management
Description: The system should support task management functionality.
Requirements:
- Core functionality for task management
- Basic validation and error handling
- User interaction support
- Performance considerations"
99,"Feature: Analytics Module
Description: The system should support analytics module functionality.
Requirements:
- Core functionality for analytics module
- Basic validation and error handling
- User interaction support
- Performance considerations"
100,"Feature: Task Management
Description: The system should support task management functionality.
Requirements:
- Core functionality for task management
- Basic validation and error handling
- User interaction support
- Performance considerations"
