id,transcript
1,"Analyst: Can you clarify the requirements for search functionality?
Stakeholder: The system should handle it efficiently.
Analyst: Are there specific constraints or edge cases?
Stakeholder: Not fully defined yet, needs further clarification.
Analyst: Should we define validation rules?
Stakeholder: Yes, that would help ensure consistency."
2,"Analyst: Can you clarify the requirements for analytics module?
Stakeholder: The system should handle it efficiently.
Analyst: Are there specific constraints or edge cases?
Stakeholder: Not fully defined yet, needs further clarification.
Analyst: Should we define validation rules?
Stakeholder: Yes, that would help ensure consistency."
3,"Analyst: Can you clarify the requirements for reporting dashboard?
Stakeholder: The system should handle it efficiently.
Analyst: Are there specific constraints or edge cases?
Stakeholder: Not fully defined yet, needs further clarification.
Analyst: Should we define validation rules?
Stakeholder: Yes, that would help ensure consistency."
3,"Analyst: Can you clarify the requirements for reporting dashboard?
Stakeholder: The system should handle it efficiently.
Analyst: Are there specific constraints or edge cases?
Stakeholder: Not fully defined yet, needs further clarification.
Analyst: Should we define validation rules?
Stakeholder: Yes, that would help ensure consistency."
4,"Analyst: Can you clarify the requirements for notification system?
Stakeholder: The system should handle it efficiently.
Analyst: Are there specific constraints or edge cases?
Stakeholder: Not fully defined yet, needs further clarification.
Analyst: Should we define validation rules?
Stakeholder: Yes, that would help ensure consistency."
4,"Analyst: Can you clarify the requirements for notification system?
Stakeholder: The system should handle it efficiently.
Analyst: Are there specific constraints or edge cases?
Stakeholder: Not fully defined yet, needs further clarification.
Analyst: Should we define validation rules?
Stakeholder: Yes, that would help ensure consistency."
4,"Analyst: Can you clarify the requirements for notification system?
Stakeholder: The system should handle it efficiently.
Analyst: Are there specific constraints or edge cases?
Stakeholder: Not fully defined yet, needs further clarification.
Analyst: Should we define validation rules?
Stakeholder: Yes, that would help ensure consistency."
5,"Analyst: Can you clarify the requirements for analytics module?
Stakeholder: The system should handle it efficiently.
Analyst: Are there specific constraints or edge cases?
Stakeholder: Not fully defined yet, needs further clarification.
Analyst: Should we define validation rules?
Stakeholder: Yes, that would help ensure consistency."
5,"Analyst: Can you clarify the requirements for analytics module?
Stakeholder: The system should handle it efficiently.
Analyst: Are there specific constraints or edge cases?
Stakeholder: Not fully defined yet, needs further clarification.
Analyst: Should we define validation rules?
Stakeholder: Yes, that would help ensure consistency."
5,"Analyst: Can you clarify the requirements for analytics module?
Stakeholder: The system should handle it efficiently.
Analyst: Are there specific constraints or edge cases?
Stakeholder: Not fully defined yet, needs further clarification.
Analyst: Should we define validation rules?
Stakeholder: Yes, that would help ensure consistency."
6,"Analyst: Can you clarify the requirements for user authentication?
Stakeholder: The system should handle it efficiently.
Analyst: Are there specific constraints or edge cases?
Stakeholder: Not fully defined yet, needs further clarification.
Analyst: Should we define validation rules?
Stakeholder: Yes, that would help ensure consistency."
7,"Analyst: Can you clarify the requirements for user authentication?
Stakeholder: The system should handle it efficiently.
Analyst: Are there specific constraints or edge cases?
Stakeholder: Not fully defined yet, needs further clarification.
Analyst: Should we define validation rules?
Stakeholder: Yes, that would help ensure consistency."
8,"Analyst: Can you clarify the requirements for user profile?
Stakeholder: The system should handle it efficiently.
Analyst: Are there specific constraints or edge cases?
Stakeholder: Not fully defined yet, needs further clarification.
Analyst: Should we define validation rules?
Stakeholder: Yes, that would help ensure consistency."
9,"Analyst: Can you clarify the requirements for search functionality?
Stakeholder: The system should handle it efficiently.
Analyst: Are there specific constraints or edge cases?
Stakeholder: Not fully defined yet, needs further clarification.
Analyst: Should we define validation rules?
Stakeholder: Yes, that would help ensure consistency."
9,"Analyst: Can you clarify the requirements for search functionality?
Stakeholder: The system should handle it efficiently.
Analyst: Are there specific constraints or edge cases?
Stakeholder: Not fully defined yet, needs further clarification.
Analyst: Should we define validation rules?
Stakeholder: Yes, that would help ensure consistency."
10,"Analyst: Can you clarify the requirements for file upload?
Stakeholder: The system should handle it efficiently.
Analyst: Are there specific constraints or edge cases?
Stakeholder: Not fully defined yet, needs further clarification.
Analyst: Should we define validation rules?
Stakeholder: Yes, that would help ensure consistency."
10,"Analyst: Can you clarify the requirements for file upload?
Stakeholder: The system should handle it efficiently.
Analyst: Are there specific constraints or edge cases?
Stakeholder: Not fully defined yet, needs further clarification.
Analyst: Should we define validation rules?
Stakeholder: Yes, that would help ensure consistency."
10,"Analyst: Can you clarify the requirements for file upload?
Stakeholder: The system should handle it efficiently.
Analyst: Are there specific constraints or edge cases?
Stakeholder: Not fully defined yet, needs further clarification.
Analyst: Should we define validation rules?
Stakeholder: Yes, that would help ensure consistency."
11,"Analyst: Can you clarify the requirements for notification system?
Stakeholder: The system should handle it efficiently.
Analyst: Are there specific constraints or edge cases?
Stakeholder: Not fully defined yet, needs further clarification.
Analyst: Should we define validation rules?
Stakeholder: Yes, that would help ensure consistency."
11,"Analyst: Can you clarify the requirements for notification system?
Stakeholder: The system should handle it efficiently.
Analyst: Are there specific constraints or edge cases?
Stakeholder: Not fully defined yet, needs further clarification.
Analyst: Should we define validation rules?
Stakeholder: Yes, that would help ensure consistency."
11,"Analyst: Can you clarify the requirements for notification system?
Stakeholder: The system should handle it efficiently.
Analyst: Are there specific constraints or edge cases?
Stakeholder: Not fully defined yet, needs further clarification.
Analyst: Should we define validation rules?
Stakeholder: Yes, that would help ensure consistency."
12,"Analyst: Can you clarify the requirements for search functionality?
Stakeholder: The system should handle it efficiently.
Analyst: Are there specific constraints or edge cases?
Stakeholder: Not fully defined yet, needs further clarification.
Analyst: Should we define validation rules?
Stakeholder: Yes, that would help ensure consistency."
12,"Analyst: Can you clarify the requirements for search functionality?
Stakeholder: The system should handle it efficiently.
Analyst: Are there specific constraints or edge cases?
Stakeholder: Not fully defined yet, needs further clarification.
Analyst: Should we define validation rules?
Stakeholder: Yes, that would help ensure consistency."
12,"Analyst: Can you clarify the requirements for search functionality?
Stakeholder: The system should handle it efficiently.
Analyst: Are there specific constraints or edge cases?
Stakeholder: Not fully defined yet, needs further clarification.
Analyst: Should we define validation rules?
Stakeholder: Yes, that would help ensure consistency."
13,"Analyst: Can you clarify the requirements for file upload?
Stakeholder: The system should handle it efficiently.
Analyst: Are there specific constraints or edge cases?
Stakeholder: Not fully defined yet, needs further clarification.
Analyst: Should we define validation rules?
Stakeholder: Yes, that would help ensure consistency."
13,"Analyst: Can you clarify the requirements for file upload?
Stakeholder: The system should handle it efficiently.
Analyst: Are there specific constraints or edge cases?
Stakeholder: Not fully defined yet, needs further clarification.
Analyst: Should we define validation rules?
Stakeholder: Yes, that would help ensure consistency."
15,"Analyst: Can you clarify the requirements for search functionality?
Stakeholder: The system should handle it efficiently.
Analyst: Are there specific constraints or edge cases?
Stakeholder: Not fully defined yet, needs further clarification.
Analyst: Should we define validation rules?
Stakeholder: Yes, that would help ensure consistency."
15,"Analyst: Can you clarify the requirements for search functionality?
Stakeholder: The system should handle it efficiently.
Analyst: Are there specific constraints or edge cases?
Stakeholder: Not fully defined yet, needs further clarification.
Analyst: Should we define validation rules?
Stakeholder: Yes, that would help ensure consistency."
16,"Analyst: Can you clarify the requirements for reporting dashboard?
Stakeholder: The system should handle it efficiently.
Analyst: Are there specific constraints or edge cases?
Stakeholder: Not fully defined yet, needs further clarification.
Analyst: Should we define validation rules?
Stakeholder: Yes, that would help ensure consistency."
16,"Analyst: Can you clarify the requirements for reporting dashboard?
Stakeholder: The system should handle it efficiently.
Analyst: Are there specific constraints or edge cases?
Stakeholder: Not fully defined yet, needs further clarification.
Analyst: Should we define validation rules?
Stakeholder: Yes, that would help ensure consistency."
16,"Analyst: Can you clarify the requirements for reporting dashboard?
Stakeholder: The system should handle it efficiently.
Analyst: Are there specific constraints or edge cases?
Stakeholder: Not fully defined yet, needs further clarification.
Analyst: Should we define validation rules?
Stakeholder: Yes, that would help ensure consistency."
17,"Analyst: Can you clarify the requirements for user authentication?
Stakeholder: The system should handle it efficiently.
Analyst: Are there specific constraints or edge cases?
Stakeholder: Not fully defined yet, needs further clarification.
Analyst: Should we define validation rules?
Stakeholder: Yes, that would help ensure consistency."
17,"Analyst: Can you clarify the requirements for user authentication?
Stakeholder: The system should handle it efficiently.
Analyst: Are there specific constraints or edge cases?
Stakeholder: Not fully defined yet, needs further clarification.
Analyst: Should we define validation rules?
Stakeholder: Yes, that would help ensure consistency."
18,"Analyst: Can you clarify the requirements for messaging system?
Stakeholder: The system should handle it efficiently.
Analyst: Are there specific constraints or edge cases?
Stakeholder: Not fully defined yet, needs further clarification.
Analyst: Should we define validation rules?
Stakeholder: Yes, that would help ensure consistency."
18,"Analyst: Can you clarify the requirements for messaging system?
Stakeholder: The system should handle it efficiently.
Analyst: Are there specific constraints or edge cases?
Stakeholder: Not fully defined yet, needs further clarification.
Analyst: Should we define validation rules?
Stakeholder: Yes, that would help ensure consistency."
18,"Analyst: Can you clarify the requirements for messaging system?
Stakeholder: The system should handle it efficiently.
Analyst: Are there specific constraints or edge cases?
Stakeholder: Not fully defined yet, needs further clarification.
Analyst: Should we define validation rules?
Stakeholder: Yes, that would help ensure consistency."
20,"Analyst: Can you clarify the requirements for task management?
Stakeholder: The system should handle it efficiently.
Analyst: Are there specific constraints or edge cases?
Stakeholder: Not fully defined yet, needs further clarification.
Analyst: Should we define validation rules?
Stakeholder: Yes, that would help ensure consistency."
22,"Analyst: Can you clarify the requirements for task management?
Stakeholder: The system should handle it efficiently.
Analyst: Are there specific constraints or edge cases?
Stakeholder: Not fully defined yet, needs further clarification.
Analyst: Should we define validation rules?
Stakeholder: Yes, that would help ensure consistency."
22,"Analyst: Can you clarify the requirements for task management?
Stakeholder: The system should handle it efficiently.
Analyst: Are there specific constraints or edge cases?
Stakeholder: Not fully defined yet, needs further clarification.
Analyst: Should we define validation rules?
Stakeholder: Yes, that would help ensure consistency."
22,"Analyst: Can you clarify the requirements for task management?
Stakeholder: The system should handle it efficiently.
Analyst: Are there specific constraints or edge cases?
Stakeholder: Not fully defined yet, needs further clarification.
Analyst: Should we define validation rules?
Stakeholder: Yes, that would help ensure consistency."
23,"Analyst: Can you clarify the requirements for task management?
Stakeholder: The system should handle it efficiently.
Analyst: Are there specific constraints or edge cases?
Stakeholder: Not fully defined yet, needs further clarification.
Analyst: Should we define validation rules?
Stakeholder: Yes, that would help ensure consistency."
24,"Analyst: Can you clarify the requirements for file upload?
Stakeholder: The system should handle it efficiently.
Analyst: Are there specific constraints or edge cases?
Stakeholder: Not fully defined yet, needs further clarification.
Analyst: Should we define validation rules?
Stakeholder: Yes, that would help ensure consistency."
24,"Analyst: Can you clarify the requirements for file upload?
Stakeholder: The system should handle it efficiently.
Analyst: Are there specific constraints or edge cases?
Stakeholder: Not fully defined yet, needs further clarification.
Analyst: Should we define validation rules?
Stakeholder: Yes, that would help ensure consistency."
24,"Analyst: Can you clarify the requirements for file upload?
Stakeholder: The system should handle it efficiently.
Analyst: Are there specific constraints or edge cases?
Stakeholder: Not fully defined yet, needs further clarification.
Analyst: Should we define validation rules?
Stakeholder: Yes, that would help ensure consistency."
25,"Analyst: Can you clarify the requirements for user profile?
Stakeholder: The system should handle it efficiently.
Analyst: Are there specific constraints or edge cases?
Stakeholder: Not fully defined yet, needs further clarification.
Analyst: Should we define validation rules?
Stakeholder: Yes, that would help ensure consistency."
25,"Analyst: Can you clarify the requirements for user profile?
Stakeholder: The system should handle it efficiently.
Analyst: Are there specific constraints or edge cases?
Stakeholder: Not fully defined yet, needs further clarification.
Analyst: Should we define validation rules?
Stakeholder: Yes, that would help ensure consistency."
26,"Analyst: Can you clarify the requirements for file upload?
Stakeholder: The system should handle it efficiently.
Analyst: Are there specific constraints or edge cases?
Stakeholder: Not fully defined yet, needs further clarification.
Analyst: Should we define validation rules?
Stakeholder: Yes, that would help ensure consistency."
26,"Analyst: Can you clarify the requirements for file upload?
Stakeholder: The system should handle it efficiently.
Analyst: Are there specific constraints or edge cases?
Stakeholder: Not fully defined yet, needs further clarification.
Analyst: Should we define validation rules?
Stakeholder: Yes, that would help ensure consistency."
26,"Analyst: Can you clarify the requirements for file upload?
Stakeholder: The system should handle it efficiently.
Analyst: Are there specific constraints or edge cases?
Stakeholder: Not fully defined yet, needs further clarification.
Analyst: Should we define validation rules?
Stakeholder: Yes, that would help ensure consistency."
29,"Analyst: Can you clarify the requirements for user profile?
Stakeholder: The system should handle it efficiently.
Analyst: Are there specific constraints or edge cases?
Stakeholder: Not fully defined yet, needs further clarification.
Analyst: Should we define validation rules?
Stakeholder: Yes, that would help ensure consistency."
29,"Analyst: Can you clarify the requirements for user profile?
Stakeholder: The system should handle it efficiently.
Analyst: Are there specific constraints or edge cases?
Stakeholder: Not fully defined yet, needs further clarification.
Analyst: Should we define validation rules?
Stakeholder: Yes, that would help ensure consistency."
31,"Analyst: Can you clarify the requirements for analytics module?
Stakeholder: The system should handle it efficiently.
Analyst: Are there specific constraints or edge cases?
Stakeholder: Not fully defined yet, needs further clarification.
Analyst: Should we define validation rules?
Stakeholder: Yes, that would help ensure consistency."
31,"Analyst: Can you clarify the requirements for analytics module?
Stakeholder: The system should handle it efficiently.
Analyst: Are there specific constraints or edge cases?
Stakeholder: Not fully defined yet, needs further clarification.
Analyst: Should we define validation rules?
Stakeholder: Yes, that would help ensure consistency."
33,"Analyst: Can you clarify the requirements for notification system?
Stakeholder: The system should handle it efficiently.
Analyst: Are there specific constraints or edge cases?
Stakeholder: Not fully defined yet, needs further clarification.
Analyst: Should we define validation rules?
Stakeholder: Yes, that would help ensure consistency."
33,"Analyst: Can you clarify the requirements for notification system?
Stakeholder: The system should handle it efficiently.
Analyst: Are there specific constraints or edge cases?
Stakeholder: Not fully defined yet, needs further clarification.
Analyst: Should we define validation rules?
Stakeholder: Yes, that would help ensure consistency."
33,"Analyst: Can you clarify the requirements for notification system?
Stakeholder: The system should handle it efficiently.
Analyst: Are there specific constraints or edge cases?
Stakeholder: Not fully defined yet, needs further clarification.
Analyst: Should we define validation rules?
Stakeholder: Yes, that would help ensure consistency."
34,"Analyst: Can you clarify the requirements for settings configuration?
Stakeholder: The system should handle it efficiently.
Analyst: Are there specific constraints or edge cases?
Stakeholder: Not fully defined yet, needs further clarification.
Analyst: Should we define validation rules?
Stakeholder: Yes, that would help ensure consistency."
34,"Analyst: Can you clarify the requirements for settings configuration?
Stakeholder: The system should handle it efficiently.
Analyst: Are there specific constraints or edge cases?
Stakeholder: Not fully defined yet, needs further clarification.
Analyst: Should we define validation rules?
Stakeholder: Yes, that would help ensure consistency."
36,"Analyst: Can you clarify the requirements for user authentication?
Stakeholder: The system should handle it efficiently.
Analyst: Are there specific constraints or edge cases?
Stakeholder: Not fully defined yet, needs further clarification.
Analyst: Should we define validation rules?
Stakeholder: Yes, that would help ensure consistency."
37,"Analyst: Can you clarify the requirements for notification system?
Stakeholder: The system should handle it efficiently.
Analyst: Are there specific constraints or edge cases?
Stakeholder: Not fully defined yet, needs further clarification.
Analyst: Should we define validation rules?
Stakeholder: Yes, that would help ensure consistency."
37,"Analyst: Can you clarify the requirements for notification system?
Stakeholder: The system should handle it efficiently.
Analyst: Are there specific constraints or edge cases?
Stakeholder: Not fully defined yet, needs further clarification.
Analyst: Should we define validation rules?
Stakeholder: Yes, that would help ensure consistency."
38,"Analyst: Can you clarify the requirements for notification system?
Stakeholder: The system should handle it efficiently.
Analyst: Are there specific constraints or edge cases?
Stakeholder: Not fully defined yet, needs further clarification.
Analyst: Should we define validation rules?
Stakeholder: Yes, that would help ensure consistency."
39,"Analyst: Can you clarify the requirements for notification system?
Stakeholder: The system should handle it efficiently.
Analyst: Are there specific constraints or edge cases?
Stakeholder: Not fully defined yet, needs further clarification.
Analyst: Should we define validation rules?
Stakeholder: Yes, that would help ensure consistency."
39,"Analyst: Can you clarify the requirements for notification system?
Stakeholder: The system should handle it efficiently.
Analyst: Are there specific constraints or edge cases?
Stakeholder: Not fully defined yet, needs further clarification.
Analyst: Should we define validation rules?
Stakeholder: Yes, that would help ensure consistency."
40,"Analyst: Can you clarify the requirements for messaging system?
Stakeholder: The system should handle it efficiently.
Analyst: Are there specific constraints or edge cases?
Stakeholder: Not fully defined yet, needs further clarification.
Analyst: Should we define validation rules?
Stakeholder: Yes, that would help ensure consistency."
40,"Analyst: Can you clarify the requirements for messaging system?
Stakeholder: The system should handle it efficiently.
Analyst: Are there specific constraints or edge cases?
Stakeholder: Not fully defined yet, needs further clarification.
Analyst: Should we define validation rules?
Stakeholder: Yes, that would help ensure consistency."
40,"Analyst: Can you clarify the requirements for messaging system?
Stakeholder: The system should handle it efficiently.
Analyst: Are there specific constraints or edge cases?
Stakeholder: Not fully defined yet, needs further clarification.
Analyst: Should we define validation rules?
Stakeholder: Yes, that would help ensure consistency."
41,"Analyst: Can you clarify the requirements for analytics module?
Stakeholder: The system should handle it efficiently.
Analyst: Are there specific constraints or edge cases?
Stakeholder: Not fully defined yet, needs further clarification.
Analyst: Should we define validation rules?
Stakeholder: Yes, that would help ensure consistency."
42,"Analyst: Can you clarify the requirements for reporting dashboard?
Stakeholder: The system should handle it efficiently.
Analyst: Are there specific constraints or edge cases?
Stakeholder: Not fully defined yet, needs further clarification.
Analyst: Should we define validation rules?
Stakeholder: Yes, that would help ensure consistency."
42,"Analyst: Can you clarify the requirements for reporting dashboard?
Stakeholder: The system should handle it efficiently.
Analyst: Are there specific constraints or edge cases?
Stakeholder: Not fully defined yet, needs further clarification.
Analyst: Should we define validation rules?
Stakeholder: Yes, that would help ensure consistency."
44,"Analyst: Can you clarify the requirements for user authentication?
Stakeholder: The system should handle it efficiently.
Analyst: Are there specific constraints or edge cases?
Stakeholder: Not fully defined yet, needs further clarification.
Analyst: Should we define validation rules?
Stakeholder: Yes, that would help ensure consistency."
45,"Analyst: Can you clarify the requirements for settings configuration?
Stakeholder: The system should handle it efficiently.
Analyst: Are there specific constraints or edge cases?
Stakeholder: Not fully defined yet, needs further clarification.
Analyst: Should we define validation rules?
Stakeholder: Yes, that would help ensure consistency."
46,"Analyst: Can you clarify the requirements for notification system?
Stakeholder: The system should handle it efficiently.
Analyst: Are there specific constraints or edge cases?
Stakeholder: Not fully defined yet, needs further clarification.
Analyst: Should we define validation rules?
Stakeholder: Yes, that would help ensure consistency."
47,"Analyst: Can you clarify the requirements for messaging system?
Stakeholder: The system should handle it efficiently.
Analyst: Are there specific constraints or edge cases?
Stakeholder: Not fully defined yet, needs further clarification.
Analyst: Should we define validation rules?
Stakeholder: Yes, that would help ensure consistency."
48,"Analyst: Can you clarify the requirements for file upload?
Stakeholder: The system should handle it efficiently.
Analyst: Are there specific constraints or edge cases?
Stakeholder: Not fully defined yet, needs further clarification.
Analyst: Should we define validation rules?
Stakeholder: Yes, that would help ensure consistency."
48,"Analyst: Can you clarify the requirements for file upload?
Stakeholder: The system should handle it efficiently.
Analyst: Are there specific constraints or edge cases?
Stakeholder: Not fully defined yet, needs further clarification.
Analyst: Should we define validation rules?
Stakeholder: Yes, that would help ensure consistency."
48,"Analyst: Can you clarify the requirements for file upload?
Stakeholder: The system should handle it efficiently.
Analyst: Are there specific constraints or edge cases?
Stakeholder: Not fully defined yet, needs further clarification.
Analyst: Should we define validation rules?
Stakeholder: Yes, that would help ensure consistency."
50,"Analyst: Can you clarify the requirements for user authentication?
Stakeholder: The system should handle it efficiently.
Analyst: Are there specific constraints or edge cases?
Stakeholder: Not fully defined yet, needs further clarification.
Analyst: Should we define validation rules?
Stakeholder: Yes, that would help ensure consistency."
50,"Analyst: Can you clarify the requirements for user authentication?
Stakeholder: The system should handle it efficiently.
Analyst: Are there specific constraints or edge cases?
Stakeholder: Not fully defined yet, needs further clarification.
Analyst: Should we define validation rules?
Stakeholder: Yes, that would help ensure consistency."
50,"Analyst: Can you clarify the requirements for user authentication?
Stakeholder: The system should handle it efficiently.
Analyst: Are there specific constraints or edge cases?
Stakeholder: Not fully defined yet, needs further clarification.
Analyst: Should we define validation rules?
Stakeholder: Yes, that would help ensure consistency."
51,"Analyst: Can you clarify the requirements for reporting dashboard?
Stakeholder: The system should handle it efficiently.
Analyst: Are there specific constraints or edge cases?
Stakeholder: Not fully defined yet, needs further clarification.
Analyst: Should we define validation rules?
Stakeholder: Yes, that would help ensure consistency."
52,"Analyst: Can you clarify the requirements for search functionality?
Stakeholder: The system should handle it efficiently.
Analyst: Are there specific constraints or edge cases?
Stakeholder: Not fully defined yet, needs further clarification.
Analyst: Should we define validation rules?
Stakeholder: Yes, that would help ensure consistency."
52,"Analyst: Can you clarify the requirements for search functionality?
Stakeholder: The system should handle it efficiently.
Analyst: Are there specific constraints or edge cases?
Stakeholder: Not fully defined yet, needs further clarification.
Analyst: Should we define validation rules?
Stakeholder: Yes, that would help ensure consistency."
53,"Analyst: Can you clarify the requirements for notification system?
Stakeholder: The system should handle it efficiently.
Analyst: Are there specific constraints or edge cases?
Stakeholder: Not fully defined yet, needs further clarification.
Analyst: Should we define validation rules?
Stakeholder: Yes, that would help ensure consistency."
53,"Analyst: Can you clarify the requirements for notification system?
Stakeholder: The system should handle it efficiently.
Analyst: Are there specific constraints or edge cases?
Stakeholder: Not fully defined yet, needs further clarification.
Analyst: Should we define validation rules?
Stakeholder: Yes, that would help ensure consistency."
53,"Analyst: Can you clarify the requirements for notification system?
Stakeholder: The system should handle it efficiently.
Analyst: Are there specific constraints or edge cases?
Stakeholder: Not fully defined yet, needs further clarification.
Analyst: Should we define validation rules?
Stakeholder: Yes, that would help ensure consistency."
55,"Analyst: Can you clarify the requirements for file upload?
Stakeholder: The system should handle it efficiently.
Analyst: Are there specific constraints or edge cases?
Stakeholder: Not fully defined yet, needs further clarification.
Analyst: Should we define validation rules?
Stakeholder: Yes, that would help ensure consistency."
55,"Analyst: Can you clarify the requirements for file upload?
Stakeholder: The system should handle it efficiently.
Analyst: Are there specific constraints or edge cases?
Stakeholder: Not fully defined yet, needs further clarification.
Analyst: Should we define validation rules?
Stakeholder: Yes, that would help ensure consistency."
56,"Analyst: Can you clarify the requirements for search functionality?
Stakeholder: The system should handle it efficiently.
Analyst: Are there specific constraints or edge cases?
Stakeholder: Not fully defined yet, needs further clarification.
Analyst: Should we define validation rules?
Stakeholder: Yes, that would help ensure consistency."
56,"Analyst: Can you clarify the requirements for search functionality?
Stakeholder: The system should handle it efficiently.
Analyst: Are there specific constraints or edge cases?
Stakeholder: Not fully defined yet, needs further clarification.
Analyst: Should we define validation rules?
Stakeholder: Yes, that would help ensure consistency."
56,"Analyst: Can you clarify the requirements for search functionality?
Stakeholder: The system should handle it efficiently.
Analyst: Are there specific constraints or edge cases?
Stakeholder: Not fully defined yet, needs further clarification.
Analyst: Should we define validation rules?
Stakeholder: Yes, that would help ensure consistency."
57,"Analyst: Can you clarify the requirements for task management?
Stakeholder: The system should handle it efficiently.
Analyst: Are there specific constraints or edge cases?
Stakeholder: Not fully defined yet, needs further clarification.
Analyst: Should we define validation rules?
Stakeholder: Yes, that would help ensure consistency."
57,"Analyst: Can you clarify the requirements for task management?
Stakeholder: The system should handle it efficiently.
Analyst: Are there specific constraints or edge cases?
Stakeholder: Not fully defined yet, needs further clarification.
Analyst: Should we define validation rules?
Stakeholder: Yes, that would help ensure consistency."
58,"Analyst: Can you clarify the requirements for user authentication?
Stakeholder: The system should handle it efficiently.
Analyst: Are there specific constraints or edge cases?
Stakeholder: Not fully defined yet, needs further clarification.
Analyst: Should we define validation rules?
Stakeholder: Yes, that would help ensure consistency."
58,"Analyst: Can you clarify the requirements for user authentication?
Stakeholder: The system should handle it efficiently.
Analyst: Are there specific constraints or edge cases?
Stakeholder: Not fully defined yet, needs further clarification.
Analyst: Should we define validation rules?
Stakeholder: Yes, that would help ensure consistency."
59,"Analyst: Can you clarify the requirements for user profile?
Stakeholder: The system should handle it efficiently.
Analyst: Are there specific constraints or edge cases?
Stakeholder: Not fully defined yet, needs further clarification.
Analyst: Should we define validation rules?
Stakeholder: Yes, that would help ensure consistency."
59,"Analyst: Can you clarify the requirements for user profile?
Stakeholder: The system should handle it efficiently.
Analyst: Are there specific constraints or edge cases?
Stakeholder: Not fully defined yet, needs further clarification.
Analyst: Should we define validation rules?
Stakeholder: Yes, that would help ensure consistency."
61,"Analyst: Can you clarify the requirements for messaging system?
Stakeholder: The system should handle it efficiently.
Analyst: Are there specific constraints or edge cases?
Stakeholder: Not fully defined yet, needs further clarification.
Analyst: Should we define validation rules?
Stakeholder: Yes, that would help ensure consistency."
62,"Analyst: Can you clarify the requirements for settings configuration?
Stakeholder: The system should handle it efficiently.
Analyst: Are there specific constraints or edge cases?
Stakeholder: Not fully defined yet, needs further clarification.
Analyst: Should we define validation rules?
Stakeholder: Yes, that would help ensure consistency."
63,"Analyst: Can you clarify the requirements for file upload?
Stakeholder: The system should handle it efficiently.
Analyst: Are there specific constraints or edge cases?
Stakeholder: Not fully defined yet, needs further clarification.
Analyst: Should we define validation rules?
Stakeholder: Yes, that would help ensure consistency."
64,"Analyst: Can you clarify the requirements for reporting dashboard?
Stakeholder: The system should handle it efficiently.
Analyst: Are there specific constraints or edge cases?
Stakeholder: Not fully defined yet, needs further clarification.
Analyst: Should we define validation rules?
Stakeholder: Yes, that would help ensure consistency."
64,"Analyst: Can you clarify the requirements for reporting dashboard?
Stakeholder: The system should handle it efficiently.
Analyst: Are there specific constraints or edge cases?
Stakeholder: Not fully defined yet, needs further clarification.
Analyst: Should we define validation rules?
Stakeholder: Yes, that would help ensure consistency."
65,"Analyst: Can you clarify the requirements for notification system?
Stakeholder: The system should handle it efficiently.
Analyst: Are there specific constraints or edge cases?
Stakeholder: Not fully defined yet, needs further clarification.
Analyst: Should we define validation rules?
Stakeholder: Yes, that would help ensure consistency."
65,"Analyst: Can you clarify the requirements for notification system?
Stakeholder: The system should handle it efficiently.
Analyst: Are there specific constraints or edge cases?
Stakeholder: Not fully defined yet, needs further clarification.
Analyst: Should we define validation rules?
Stakeholder: Yes, that would help ensure consistency."
65,"Analyst: Can you clarify the requirements for notification system?
Stakeholder: The system should handle it efficiently.
Analyst: Are there specific constraints or edge cases?
Stakeholder: Not fully defined yet, needs further clarification.
Analyst: Should we define validation rules?
Stakeholder: Yes, that would help ensure consistency."
68,"Analyst: Can you clarify the requirements for file upload?
Stakeholder: The system should handle it efficiently.
Analyst: Are there specific constraints or edge cases?
Stakeholder: Not fully defined yet, needs further clarification.
Analyst: Should we define validation rules?
Stakeholder: Yes, that would help ensure consistency."
68,"Analyst: Can you clarify the requirements for file upload?
Stakeholder: The system should handle it efficiently.
Analyst: Are there specific constraints or edge cases?
Stakeholder: Not fully defined yet, needs further clarification.
Analyst: Should we define validation rules?
Stakeholder: Yes, that would help ensure consistency."
69,"Analyst: Can you clarify the requirements for task management?
Stakeholder: The system should handle it efficiently.
Analyst: Are there specific constraints or edge cases?
Stakeholder: Not fully defined yet, needs further clarification.
Analyst: Should we define validation rules?
Stakeholder: Yes, that would help ensure consistency."
69,"Analyst: Can you clarify the requirements for task management?
Stakeholder: The system should handle it efficiently.
Analyst: Are there specific constraints or edge cases?
Stakeholder: Not fully defined yet, needs further clarification.
Analyst: Should we define validation rules?
Stakeholder: Yes, that would help ensure consistency."
69,"Analyst: Can you clarify the requirements for task management?
Stakeholder: The system should handle it efficiently.
Analyst: Are there specific constraints or edge cases?
Stakeholder: Not fully defined yet, needs further clarification.
Analyst: Should we define validation rules?
Stakeholder: Yes, that would help ensure consistency."
70,"Analyst: Can you clarify the requirements for reporting dashboard?
Stakeholder: The system should handle it efficiently.
Analyst: Are there specific constraints or edge cases?
Stakeholder: Not fully defined yet, needs further clarification.
Analyst: Should we define validation rules?
Stakeholder: Yes, that would help ensure consistency."
70,"Analyst: Can you clarify the requirements for reporting dashboard?
Stakeholder: The system should handle it efficiently.
Analyst: Are there specific constraints or edge cases?
Stakeholder: Not fully defined yet, needs further clarification.
Analyst: Should we define validation rules?
Stakeholder: Yes, that would help ensure consistency."
71,"Analyst: Can you clarify the requirements for task management?
Stakeholder: The system should handle it efficiently.
Analyst: Are there specific constraints or edge cases?
Stakeholder: Not fully defined yet, needs further clarification.
Analyst: Should we define validation rules?
Stakeholder: Yes, that would help ensure consistency."
72,"Analyst: Can you clarify the requirements for settings configuration?
Stakeholder: The system should handle it efficiently.
Analyst: Are there specific constraints or edge cases?
Stakeholder: Not fully defined yet, needs further clarification.
Analyst: Should we define validation rules?
Stakeholder: Yes, that would help ensure consistency."
74,"Analyst: Can you clarify the requirements for notification system?
Stakeholder: The system should handle it efficiently.
Analyst: Are there specific constraints or edge cases?
Stakeholder: Not fully defined yet, needs further clarification.
Analyst: Should we define validation rules?
Stakeholder: Yes, that would help ensure consistency."
76,"Analyst: Can you clarify the requirements for reporting dashboard?
Stakeholder: The system should handle it efficiently.
Analyst: Are there specific constraints or edge cases?
Stakeholder: Not fully defined yet, needs further clarification.
Analyst: Should we define validation rules?
Stakeholder: Yes, that would help ensure consistency."
77,"Analyst: Can you clarify the requirements for task management?
Stakeholder: The system should handle it efficiently.
Analyst: Are there specific constraints or edge cases?
Stakeholder: Not fully defined yet, needs further clarification.
Analyst: Should we define validation rules?
Stakeholder: Yes, that would help ensure consistency."
78,"Analyst: Can you clarify the requirements for task management?
Stakeholder: The system should handle it efficiently.
Analyst: Are there specific constraints or edge cases?
Stakeholder: Not fully defined yet, needs further clarification.
Analyst: Should we define validation rules?
Stakeholder: Yes, that would help ensure consistency."
78,"Analyst: Can you clarify the requirements for task management?
Stakeholder: The system should handle it efficiently.
Analyst: Are there specific constraints or edge cases?
Stakeholder: Not fully defined yet, needs further clarification.
Analyst: Should we define validation rules?
Stakeholder: Yes, that would help ensure consistency."
78,"Analyst: Can you clarify the requirements for task management?
Stakeholder: The system should handle it efficiently.
Analyst: Are there specific constraints or edge cases?
Stakeholder: Not fully defined yet, needs further clarification.
Analyst: Should we define validation rules?
Stakeholder: Yes, that would help ensure consistency."
79,"Analyst: Can you clarify the requirements for search functionality?
Stakeholder: The system should handle it efficiently.
Analyst: Are there specific constraints or edge cases?
Stakeholder: Not fully defined yet, needs further clarification.
Analyst: Should we define validation rules?
Stakeholder: Yes, that would help ensure consistency."
79,"Analyst: Can you clarify the requirements for search functionality?
Stakeholder: The system should handle it efficiently.
Analyst: Are there specific constraints or edge cases?
Stakeholder: Not fully defined yet, needs further clarification.
Analyst: Should we define validation rules?
Stakeholder: Yes, that would help ensure consistency."
79,"Analyst: Can you clarify the requirements for search functionality?
Stakeholder: The system should handle it efficiently.
Analyst: Are there specific constraints or edge cases?
Stakeholder: Not fully defined yet, needs further clarification.
Analyst: Should we define validation rules?
Stakeholder: Yes, that would help ensure consistency."
80,"Analyst: Can you clarify the requirements for file upload?
Stakeholder: The system should handle it efficiently.
Analyst: Are there specific constraints or edge cases?
Stakeholder: Not fully defined yet, needs further clarification.
Analyst: Should we define validation rules?
Stakeholder: Yes, that would help ensure consistency."
80,"Analyst: Can you clarify the requirements for file upload?
Stakeholder: The system should handle it efficiently.
Analyst: Are there specific constraints or edge cases?
Stakeholder: Not fully defined yet, needs further clarification.
Analyst: Should we define validation rules?
Stakeholder: Yes, that would help ensure consistency."
81,"Analyst: Can you clarify the requirements for messaging system?
Stakeholder: The system should handle it efficiently.
Analyst: Are there specific constraints or edge cases?
Stakeholder: Not fully defined yet, needs further clarification.
Analyst: Should we define validation rules?
Stakeholder: Yes, that would help ensure consistency."
82,"Analyst: Can you clarify the requirements for analytics module?
Stakeholder: The system should handle it efficiently.
Analyst: Are there specific constraints or edge cases?
Stakeholder: Not fully defined yet, needs further clarification.
Analyst: Should we define validation rules?
Stakeholder: Yes, that would help ensure consistency."
83,"Analyst: Can you clarify the requirements for messaging system?
Stakeholder: The system should handle it efficiently.
Analyst: Are there specific constraints or edge cases?
Stakeholder: Not fully defined yet, needs further clarification.
Analyst: Should we define validation rules?
Stakeholder: Yes, that would help ensure consistency."
83,"Analyst: Can you clarify the requirements for messaging system?
Stakeholder: The system should handle it efficiently.
Analyst: Are there specific constraints or edge cases?
Stakeholder: Not fully defined yet, needs further clarification.
Analyst: Should we define validation rules?
Stakeholder: Yes, that would help ensure consistency."
83,"Analyst: Can you clarify the requirements for messaging system?
Stakeholder: The system should handle it efficiently.
Analyst: Are there specific constraints or edge cases?
Stakeholder: Not fully defined yet, needs further clarification.
Analyst: Should we define validation rules?
Stakeholder: Yes, that would help ensure consistency."
85,"Analyst: Can you clarify the requirements for user profile?
Stakeholder: The system should handle it efficiently.
Analyst: Are there specific constraints or edge cases?
Stakeholder: Not fully defined yet, needs further clarification.
Analyst: Should we define validation rules?
Stakeholder: Yes, that would help ensure consistency."
85,"Analyst: Can you clarify the requirements for user profile?
Stakeholder: The system should handle it efficiently.
Analyst: Are there specific constraints or edge cases?
Stakeholder: Not fully defined yet, needs further clarification.
Analyst: Should we define validation rules?
Stakeholder: Yes, that would help ensure consistency."
87,"Analyst: Can you clarify the requirements for notification system?
Stakeholder: The system should handle it efficiently.
Analyst: Are there specific constraints or edge cases?
Stakeholder: Not fully defined yet, needs further clarification.
Analyst: Should we define validation rules?
Stakeholder: Yes, that would help ensure consistency."
88,"Analyst: Can you clarify the requirements for user profile?
Stakeholder: The system should handle it efficiently.
Analyst: Are there specific constraints or edge cases?
Stakeholder: Not fully defined yet, needs further clarification.
Analyst: Should we define validation rules?
Stakeholder: Yes, that would help ensure consistency."
88,"Analyst: Can you clarify the requirements for user profile?
Stakeholder: The system should handle it efficiently.
Analyst: Are there specific constraints or edge cases?
Stakeholder: Not fully defined yet, needs further clarification.
Analyst: Should we define validation rules?
Stakeholder: Yes, that would help ensure consistency."
89,"Analyst: Can you clarify the requirements for user authentication?
Stakeholder: The system should handle it efficiently.
Analyst: Are there specific constraints or edge cases?
Stakeholder: Not fully defined yet, needs further clarification.
Analyst: Should we define validation rules?
Stakeholder: Yes, that would help ensure consistency."
89,"Analyst: Can you clarify the requirements for user authentication?
Stakeholder: The system should handle it efficiently.
Analyst: Are there specific constraints or edge cases?
Stakeholder: Not fully defined yet, needs further clarification.
Analyst: Should we define validation rules?
Stakeholder: Yes, that would help ensure consistency."
90,"Analyst: Can you clarify the requirements for user authentication?
Stakeholder: The system should handle it efficiently.
Analyst: Are there specific constraints or edge cases?
Stakeholder: Not fully defined yet, needs further clarification.
Analyst: Should we define validation rules?
Stakeholder: Yes, that would help ensure consistency."
90,"Analyst: Can you clarify the requirements for user authentication?
Stakeholder: The system should handle it efficiently.
Analyst: Are there specific constraints or edge cases?
Stakeholder: Not fully defined yet, needs further clarification.
Analyst: Should we define validation rules?
Stakeholder: Yes, that would help ensure consistency."
90,"Analyst: Can you clarify the requirements for user authentication?
Stakeholder: The system should handle it efficiently.
Analyst: Are there specific constraints or edge cases?
Stakeholder: Not fully defined yet, needs further clarification.
Analyst: Should we define validation rules?
Stakeholder: Yes, that would help ensure consistency."
91,"Analyst: Can you clarify the requirements for task management?
Stakeholder: The system should handle it efficiently.
Analyst: Are there specific constraints or edge cases?
Stakeholder: Not fully defined yet, needs further clarification.
Analyst: Should we define validation rules?
Stakeholder: Yes, that would help ensure consistency."
92,"Analyst: Can you clarify the requirements for search functionality?
Stakeholder: The system should handle it efficiently.
Analyst: Are there specific constraints or edge cases?
Stakeholder: Not fully defined yet, needs further clarification.
Analyst: Should we define validation rules?
Stakeholder: Yes, that would help ensure consistency."
92,"Analyst: Can you clarify the requirements for search functionality?
Stakeholder: The system should handle it efficiently.
Analyst: Are there specific constraints or edge cases?
Stakeholder: Not fully defined yet, needs further clarification.
Analyst: Should we define validation rules?
Stakeholder: Yes, that would help ensure consistency."
92,"Analyst: Can you clarify the requirements for search functionality?
Stakeholder: The system should handle it efficiently.
Analyst: Are there specific constraints or edge cases?
Stakeholder: Not fully defined yet, needs further clarification.
Analyst: Should we define validation rules?
Stakeholder: Yes, that would help ensure consistency."
93,"Analyst: Can you clarify the requirements for notification system?
Stakeholder: The system should handle it efficiently.
Analyst: Are there specific constraints or edge cases?
Stakeholder: Not fully defined yet, needs further clarification.
Analyst: Should we define validation rules?
Stakeholder: Yes, that would help ensure consistency."
95,"Analyst: Can you clarify the requirements for reporting dashboard?
Stakeholder: The system should handle it efficiently.
Analyst: Are there specific constraints or edge cases?
Stakeholder: Not fully defined yet, needs further clarification.
Analyst: Should we define validation rules?
Stakeholder: Yes, that would help ensure consistency."
97,"Analyst: Can you clarify the requirements for settings configuration?
Stakeholder: The system should handle it efficiently.
Analyst: Are there specific constraints or edge cases?
Stakeholder: Not fully defined yet, needs further clarification.
Analyst: Should we define validation rules?
Stakeholder: Yes, that would help ensure consistency."
97,"Analyst: Can you clarify the requirements for settings configuration?
Stakeholder: The system should handle it efficiently.
Analyst: Are there specific constraints or edge cases?
Stakeholder: Not fully defined yet, needs further clarification.
Analyst: Should we define validation rules?
Stakeholder: Yes, that would help ensure consistency."
98,"Analyst: Can you clarify the requirements for task management?
Stakeholder: The system should handle it efficiently.
Analyst: Are there specific constraints or edge cases?
Stakeholder: Not fully defined yet, needs further clarification.
Analyst: Should we define validation rules?
Stakeholder: Yes, that would help ensure consistency."
98,"Analyst: Can you clarify the requirements for task management?
Stakeholder: The system should handle it efficiently.
Analyst: Are there specific constraints or edge cases?
Stakeholder: Not fully defined yet, needs further clarification.
Analyst: Should we define validation rules?
Stakeholder: Yes, that would help ensure consistency."
99,"Analyst: Can you clarify the requirements for analytics module?
Stakeholder: The system should handle it efficiently.
Analyst: Are there specific constraints or edge cases?
Stakeholder: Not fully defined yet, needs further clarification.
Analyst: Should we define validation rules?
Stakeholder: Yes, that would help ensure consistency."
100,"Analyst: Can you clarify the requirements for task management?
Stakeholder: The system should handle it efficiently.
Analyst: Are there specific constraints or edge cases?
Stakeholder: Not fully defined yet, needs further clarification.
Analyst: Should we define validation rules?
Stakeholder: Yes, that would help ensure consistency."
